<?xml version="1.0" encoding="UTF-8" standalone="yes" ?>
<CodeBlocks_plugin_manifest_file>
    <SdkVersion major="1" minor="11"  release="15" />
    <Plugin name="Format_Fortran_Indent_Plugin">
        <Value title="Format Fortran Indent Plugin" />
        <Value version="0.2.2" />
        <Value description="Code::Blocks Plugin to Format Source Code Indent in Fortran 95, Fortran 90 Source Code (free source form).
Not support nonblock-do-construct." />
        <Value author="YWX" />
        <Value authorEmail="wxFortranIndent@163.com" />
        <Value authorWebsite="https://github.com/ywx/FormatFortranIndentPlugin" />
        <Value thanksTo="" />
        <Value license="GNU General Public License, version 3" />
    </Plugin>
</CodeBlocks_plugin_manifest_file>
